id,x,y
0,-5.12431,1.26146
1,4.95094,-0.828709
2,2.45599,1.92478
3,-2.82231,1.86354
4,5.0095,0.911358
5,1.39309,1.91802
6,0.316031,1.94619
19,-4.29984,-0.569971
20,3.52696,-3.96476
21,4.98197,-1.61465
22,3.44855,1.95331
23,2.01492,-3.86326
24,-0.087733,-3.97204
26,-0.243138,-2.41697
27,-2.32054,-1.64315
33,-1.31617,1.97667
34,-0.222036,-1.01621
36,-4.41606,-1.35107
37,5.02195,-3.17525
